STATION,NAME,LATITUDE,LONGITUDE,ELEVATION,DATE,PRCP,PRCP_ATTRIBUTES,SNOW,SNOW_ATTRIBUTES,SNWD,SNWD_ATTRIBUTES,TMAX,TMAX_ATTRIBUTES,TMIN,TMIN_ATTRIBUTES,TOBS,TOBS_ATTRIBUTES,WESD,WESD_ATTRIBUTES,WT01,WT01_ATTRIBUTES,WT03,WT03_ATTRIBUTES,WT04,WT04_ATTRIBUTES,WT05,WT05_ATTRIBUTES,WT06,WT06_ATTRIBUTES,WT11,WT11_ATTRIBUTES
USC00111577,"CHICAGO MIDWAY AIRPORT 3 SW, IL US",41.7372,-87.7775,189,1/1/2017,0,",,7,2400",0,",,7",0,",,7",41,",,7",22,",,7",33,",,7,2400",,,,,,,,,,,,,,
USC00111577,"CHICAGO MIDWAY AIRPORT 3 SW, IL US",41.7372,-87.7775,189,1/2/2017,0.24,",,7,2400",0,",,7",0,",,7",41,",,7",31,",,7",39,",,7,2400",,,1,",,7",,,,,,,,,,
USC00111577,"CHICAGO MIDWAY AIRPORT 3 SW, IL US",41.7372,-87.7775,189,1/3/2017,0.02,",,7,2400",0,",,7",0,",,7",42,",,7",21,",,7",21,",,7,2400",,,1,",,7",,,,,,,,,,
USC00111577,"CHICAGO MIDWAY AIRPORT 3 SW, IL US",41.7372,-87.7775,189,1/4/2017,0,",,7,2400",0,",,7",0,",,7",21,",,7",10,",,7",10,",,7,2400",,,,,,,,,,,,,,
USC00111577,"CHICAGO MIDWAY AIRPORT 3 SW, IL US",41.7372,-87.7775,189,1/5/2017,0,"T,,7,2400",0,"T,,7",0,",,7",15,",,7",5,",,7",5,",,7,2400",,,,,,,,,,,,,,
USC00111577,"CHICAGO MIDWAY AIRPORT 3 SW, IL US",41.7372,-87.7775,189,1/6/2017,0,",,7,2400",0,",,7",0,",,7",10,",,7",1,",,7",3,",,7,2400",,,,,,,,,,,,,,
USC00111577,"CHICAGO MIDWAY AIRPORT 3 SW, IL US",41.7372,-87.7775,189,1/7/2017,0,",,7,2400",0,",,7",0,",,7",19,",,7",2,",,7",8,",,7,2400",,,,,,,,,,,,,,
USC00111577,"CHICAGO MIDWAY AIRPORT 3 SW, IL US",41.7372,-87.7775,189,1/8/2017,0,",,7,2400",0,",,7",0,",,7",20,",,7",4,",,7",20,",,7,2400",,,,,,,,,,,,,,
USC00111577,"CHICAGO MIDWAY AIRPORT 3 SW, IL US",41.7372,-87.7775,189,1/9/2017,0.02,",,7,2400",0.2,",,7",0,"T,,7",35,",,7",19,",,7",35,",,7,2400",,,,,,,,,,,,,,
USC00111577,"CHICAGO MIDWAY AIRPORT 3 SW, IL US",41.7372,-87.7775,189,1/10/2017,0.2,",,7,2400",0,",,7",0,",,7",52,",,7",27,",,7",27,",,7,2400",,,,,,,,,,,,,1,",,7"
USC00111577,"CHICAGO MIDWAY AIRPORT 3 SW, IL US",41.7372,-87.7775,189,1/11/2017,0.54,",,7,2400",0,",,7",0,",,7",45,",,7",27,",,7",31,",,7,2400",,,1,",,7",1,",,7",,,,,,,,
USC00111577,"CHICAGO MIDWAY AIRPORT 3 SW, IL US",41.7372,-87.7775,189,1/12/2017,0.11,",,7,2400",0.2,",,7",0,"T,,7",31,",,7",22,",,7",22,",,7,2400",,,1,",,7",,,1,",,7",,,1,",,7",,
USC00111577,"CHICAGO MIDWAY AIRPORT 3 SW, IL US",41.7372,-87.7775,189,1/13/2017,0,",,7,2400",0,",,7",0,"T,,7",29,",,7",18,",,7",28,",,7,2400",,,,,,,,,,,,,,
USC00111577,"CHICAGO MIDWAY AIRPORT 3 SW, IL US",41.7372,-87.7775,189,1/14/2017,0,",,7,2400",0,",,7",0,"T,,7",35,",,7",25,",,7",26,",,7,2400",,,,,,,,,,,,,,
USC00111577,"CHICAGO MIDWAY AIRPORT 3 SW, IL US",41.7372,-87.7775,189,1/15/2017,0,",,7,2400",0,",,7",0,",,7",35,",,7",22,",,7",34,",,7,2400",,,,,,,,,,,,,,
USC00111577,"CHICAGO MIDWAY AIRPORT 3 SW, IL US",41.7372,-87.7775,189,1/16/2017,0.57,",,7,2400",0,",,7",0,",,7",39,",,7",33,",,7",37,",,7,2400",,,1,",,7",,,,,,,,,,
USC00111577,"CHICAGO MIDWAY AIRPORT 3 SW, IL US",41.7372,-87.7775,189,1/17/2017,0.5,",,7,2400",0,",,7",0,",,7",40,",,7",33,",,7",33,",,7,2400",,,1,",,7",1,",,7",,,,,,,,
USC00111577,"CHICAGO MIDWAY AIRPORT 3 SW, IL US",41.7372,-87.7775,189,1/18/2017,0,"T,,7,2400",0,",,7",0,",,7",36,",,7",32,",,7",34,",,7,2400",,,1,",,7",,,,,,,,,,
USC00111577,"CHICAGO MIDWAY AIRPORT 3 SW, IL US",41.7372,-87.7775,189,1/19/2017,0.78,",,7,2400",0,",,7",0,",,7",42,",,7",32,",,7",38,",,7,2400",,,1,",,7",,,,,,,,,,
USC00111577,"CHICAGO MIDWAY AIRPORT 3 SW, IL US",41.7372,-87.7775,189,1/20/2017,0.21,",,7,2400",0,",,7",0,",,7",47,",,7",37,",,7",47,",,7,2400",,,1,",,7",,,,,,,,,,
USC00111577,"CHICAGO MIDWAY AIRPORT 3 SW, IL US",41.7372,-87.7775,189,1/21/2017,0,"T,,7,2400",0,",,7",0,",,7",60,",,7",40,",,7",40,",,7,2400",,,1,",,7",,,,,,,,,,
USC00111577,"CHICAGO MIDWAY AIRPORT 3 SW, IL US",41.7372,-87.7775,189,1/22/2017,0,"T,,7,2400",0,",,7",0,",,7",46,",,7",40,",,7",40,",,7,2400",,,1,",,7",,,,,,,,,,
USC00111577,"CHICAGO MIDWAY AIRPORT 3 SW, IL US",41.7372,-87.7775,189,1/23/2017,0,",,7,2400",0,",,7",0,",,7",43,",,7",39,",,7",39,",,7,2400",,,,,,,,,,,,,,
USC00111577,"CHICAGO MIDWAY AIRPORT 3 SW, IL US",41.7372,-87.7775,189,1/24/2017,0,"T,,7,2400",0,",,7",0,",,7",39,",,7",36,",,7",37,",,7,2400",,,,,,,,,,,,,,
USC00111577,"CHICAGO MIDWAY AIRPORT 3 SW, IL US",41.7372,-87.7775,189,1/25/2017,0.09,",,7,2400",0,"T,,7",0,",,7",44,",,7",35,",,7",35,",,7,2400",,,1,",,7",,,,,,,,,,
USC00111577,"CHICAGO MIDWAY AIRPORT 3 SW, IL US",41.7372,-87.7775,189,1/26/2017,0.02,",,7,2400",0.1,",,7",0,",,7",35,",,7",32,",,7",32,",,7,2400",,,1,",,7",,,,,,,,,,
USC00111577,"CHICAGO MIDWAY AIRPORT 3 SW, IL US",41.7372,-87.7775,189,1/27/2017,0,"T,,7,2400",0,"T,,7",0,",,7",32,",,7",25,",,7",27,",,7,2400",,,,,,,,,,,,,,
USC00111577,"CHICAGO MIDWAY AIRPORT 3 SW, IL US",41.7372,-87.7775,189,1/28/2017,0,"T,,7,2400",0,"T,,7",0,",,7",30,",,7",26,",,7",28,",,7,2400",,,,,,,,,,,,,,
USC00111577,"CHICAGO MIDWAY AIRPORT 3 SW, IL US",41.7372,-87.7775,189,1/29/2017,0,"T,,7,2400",0.1,",,7",0,"T,,7",29,",,7",23,",,7",23,",,7,2400",,,,,,,,,,,,,,
USC00111577,"CHICAGO MIDWAY AIRPORT 3 SW, IL US",41.7372,-87.7775,189,1/30/2017,0,"T,,7,2400",0,"T,,7",0,",,7",39,",,7",17,",,7",39,",,7,2400",,,,,,,,,,,,,,
USC00111577,"CHICAGO MIDWAY AIRPORT 3 SW, IL US",41.7372,-87.7775,189,1/31/2017,0.02,",,7,2400",0,",,7",0,",,7",43,",,7",36,",,7",36,",,7,2400",,,,,,,,,,,,,,
USC00111577,"CHICAGO MIDWAY AIRPORT 3 SW, IL US",41.7372,-87.7775,189,2/1/2017,0,"T,,7,2400",0,"T,,7",0,",,7",39,",,7",23,",,7",23,",,7,2400",,,,,,,,,,,,,,
USC00111577,"CHICAGO MIDWAY AIRPORT 3 SW, IL US",41.7372,-87.7775,189,2/2/2017,0,",,7,2400",0,",,7",0,",,7",25,",,7",15,",,7",18,",,7,2400",,,,,,,,,,,,,,
USC00111577,"CHICAGO MIDWAY AIRPORT 3 SW, IL US",41.7372,-87.7775,189,2/3/2017,0,",,7,2400",0,",,7",0,",,7",29,",,7",15,",,7",19,",,7,2400",,,,,,,,,,,,,,
USC00111577,"CHICAGO MIDWAY AIRPORT 3 SW, IL US",41.7372,-87.7775,189,2/4/2017,0,",,7,2400",0,",,7",0,",,7",34,",,7",16,",,7",33,",,7,2400",,,,,,,,,,,,,,
USC00111577,"CHICAGO MIDWAY AIRPORT 3 SW, IL US",41.7372,-87.7775,189,2/5/2017,0,",,7,2400",0,",,7",0,",,7",41,",,7",29,",,7",30,",,7,2400",,,,,,,,,,,,,,
USC00111577,"CHICAGO MIDWAY AIRPORT 3 SW, IL US",41.7372,-87.7775,189,2/6/2017,0,"T,,7,2400",0,",,7",0,",,7",55,",,7",27,",,7",44,",,7,2400",,,1,",,7",,,,,,,,,,
USC00111577,"CHICAGO MIDWAY AIRPORT 3 SW, IL US",41.7372,-87.7775,189,2/7/2017,0.55,",,7,2400",0,",,7",0,",,7",53,",,7",34,",,7",34,",,7,2400",,,1,",,7",1,",,7",,,,,,,,
USC00111577,"CHICAGO MIDWAY AIRPORT 3 SW, IL US",41.7372,-87.7775,189,2/8/2017,0,"T,,7,2400",0.1,",,7",0,"T,,7",34,",,7",20,",,7",20,",,7,2400",,,,,,,,,,,,,,
USC00111577,"CHICAGO MIDWAY AIRPORT 3 SW, IL US",41.7372,-87.7775,189,2/9/2017,0,"T,,7,2400",0,"T,,7",0,",,7",25,",,7",14,",,7",18,",,7,2400",,,,,,,,,,,,,,
USC00111577,"CHICAGO MIDWAY AIRPORT 3 SW, IL US",41.7372,-87.7775,189,2/10/2017,0,",,7,2400",0,",,7",0,",,7",44,",,7",18,",,7",42,",,7,2400",,,,,,,,,,,,,,
USC00111577,"CHICAGO MIDWAY AIRPORT 3 SW, IL US",41.7372,-87.7775,189,2/11/2017,0,",,7,2400",0,",,7",0,",,7",52,",,7",38,",,7",39,",,7,2400",,,,,,,,,,,,,,
USC00111577,"CHICAGO MIDWAY AIRPORT 3 SW, IL US",41.7372,-87.7775,189,2/12/2017,0,",,7,2400",0,",,7",0,",,7",49,",,7",32,",,7",32,",,7,2400",,,,,,,,,,,,,,
USC00111577,"CHICAGO MIDWAY AIRPORT 3 SW, IL US",41.7372,-87.7775,189,2/13/2017,0,",,7,2400",0,",,7",0,",,7",45,",,7",27,",,7",39,",,7,2400",,,,,,,,,,,,,,
USC00111577,"CHICAGO MIDWAY AIRPORT 3 SW, IL US",41.7372,-87.7775,189,2/14/2017,0,",,7,2400",0,",,7",0,",,7",51,",,7",34,",,7",35,",,7,2400",,,,,,,,,,,,,,
USC00111577,"CHICAGO MIDWAY AIRPORT 3 SW, IL US",41.7372,-87.7775,189,2/15/2017,0,",,7,2400",0,",,7",0,",,7",36,",,7",28,",,7",34,",,7,2400",,,,,,,,,,,,,,
USC00111577,"CHICAGO MIDWAY AIRPORT 3 SW, IL US",41.7372,-87.7775,189,2/16/2017,0,",,7,2400",0,",,7",0,",,7",42,",,7",31,",,7",36,",,7,2400",,,,,,,,,,,,,,
USC00111577,"CHICAGO MIDWAY AIRPORT 3 SW, IL US",41.7372,-87.7775,189,2/17/2017,0,",,7,2400",0,",,7",0,",,7",67,",,7",32,",,7",53,",,7,2400",,,,,,,,,,,,,,
USC00111577,"CHICAGO MIDWAY AIRPORT 3 SW, IL US",41.7372,-87.7775,189,2/18/2017,0,",,7,2400",0,",,7",0,",,7",70,",,7",45,",,7",45,",,7,2400",,,,,,,,,,,,,,
USC00111577,"CHICAGO MIDWAY AIRPORT 3 SW, IL US",41.7372,-87.7775,189,2/19/2017,0,",,7,2400",0,",,7",0,",,7",67,",,7",38,",,7",49,",,7,2400",,,,,,,,,,,,,,
USC00111577,"CHICAGO MIDWAY AIRPORT 3 SW, IL US",41.7372,-87.7775,189,2/20/2017,0,",,7,2400",0,",,7",0,",,7",70,",,7",46,",,7",60,",,7,2400",,,1,",,7",,,,,,,,,,
USC00111577,"CHICAGO MIDWAY AIRPORT 3 SW, IL US",41.7372,-87.7775,189,2/21/2017,0.16,",,7,2400",0,",,7",0,",,7",65,",,7",53,",,7",53,",,7,2400",,,1,",,7",,,,,,,,,,
USC00111577,"CHICAGO MIDWAY AIRPORT 3 SW, IL US",41.7372,-87.7775,189,2/22/2017,0,",,7,2400",0,",,7",0,",,7",67,",,7",52,",,7",59,",,7,2400",,,1,",,7",,,,,,,,,,
USC00111577,"CHICAGO MIDWAY AIRPORT 3 SW, IL US",41.7372,-87.7775,189,2/23/2017,0.16,",,7,2400",0,",,7",0,",,7",59,",,7",38,",,7",41,",,7,2400",,,1,",,7",,,,,,,,,,
USC00111577,"CHICAGO MIDWAY AIRPORT 3 SW, IL US",41.7372,-87.7775,189,2/24/2017,0.11,",,7,2400",0,"T,,7",0,",,7",44,",,7",33,",,7",33,",,7,2400",,,1,",,7",1,",,7",,,,,,,,
USC00111577,"CHICAGO MIDWAY AIRPORT 3 SW, IL US",41.7372,-87.7775,189,2/25/2017,0,"T,,7,2400",0,"T,,7",0,",,7",34,",,7",23,",,7",26,",,7,2400",,,,,,,,,,,,,,
USC00111577,"CHICAGO MIDWAY AIRPORT 3 SW, IL US",41.7372,-87.7775,189,2/26/2017,0,",,7,2400",0,",,7",0,",,7",49,",,7",24,",,7",38,",,7,2400",,,,,,,,,,,,,,
USC00111577,"CHICAGO MIDWAY AIRPORT 3 SW, IL US",41.7372,-87.7775,189,2/27/2017,0,",,7,2400",0,",,7",0,",,7",54,",,7",33,",,7",48,",,7,2400",,,,,,,,,,,,,,
USC00111577,"CHICAGO MIDWAY AIRPORT 3 SW, IL US",41.7372,-87.7775,189,2/28/2017,1.73,",,7,2400",0,",,7",0,",,7",59,",,7",47,",,7",54,",,7,2400",,,1,",,7",1,",,7",,,,,,,,
USC00111577,"CHICAGO MIDWAY AIRPORT 3 SW, IL US",41.7372,-87.7775,189,3/1/2017,0.09,",,7,2400",0,"T,,7",0,",,7",54,",,7",32,",,7",34,",,7,2400",,,1,",,7",,,,,,,,,,
USC00111577,"CHICAGO MIDWAY AIRPORT 3 SW, IL US",41.7372,-87.7775,189,3/2/2017,0,"T,,7,2400",0,"T,,7",0,",,7",36,",,7",27,",,7",27,",,7,2400",,,,,,,,,,,,,,
USC00111577,"CHICAGO MIDWAY AIRPORT 3 SW, IL US",41.7372,-87.7775,189,3/3/2017,0,",,7,2400",0,",,7",0,",,7",33,",,7",21,",,7",31,",,7,2400",,,,,,,,,,,,,,
USC00111577,"CHICAGO MIDWAY AIRPORT 3 SW, IL US",41.7372,-87.7775,189,3/4/2017,0.01,",,7,2400",0.2,",,7",0,",,7",42,",,7",29,",,7",33,",,7,2400",,,,,,,,,,,,,,
USC00111577,"CHICAGO MIDWAY AIRPORT 3 SW, IL US",41.7372,-87.7775,189,3/5/2017,0,"T,,7,2400",0,",,7",0,",,7",61,",,7",33,",,7",52,",,7,2400",,,,,,,,,,,,,,
USC00111577,"CHICAGO MIDWAY AIRPORT 3 SW, IL US",41.7372,-87.7775,189,3/6/2017,0,"T,,7,2400",0,",,7",0,",,7",64,",,7",52,",,7",64,",,7,2400",,,1,",,7",,,,,,,,,,
USC00111577,"CHICAGO MIDWAY AIRPORT 3 SW, IL US",41.7372,-87.7775,189,3/7/2017,0.25,",,7,2400",0,",,7",0,",,7",64,",,7",44,",,7",44,",,7,2400",,,1,",,7",1,",,7",,,,,,,,
USC00111577,"CHICAGO MIDWAY AIRPORT 3 SW, IL US",41.7372,-87.7775,189,3/8/2017,0,",,7,2400",0,",,7",0,",,7",52,",,7",40,",,7",40,",,7,2400",,,,,,,,,,,,,1,",,7"
USC00111577,"CHICAGO MIDWAY AIRPORT 3 SW, IL US",41.7372,-87.7775,189,3/9/2017,0,",,7,2400",0,",,7",0,",,7",41,",,7",34,",,7",37,",,7,2400",,,,,,,,,,,,,,
USC00111577,"CHICAGO MIDWAY AIRPORT 3 SW, IL US",41.7372,-87.7775,189,3/10/2017,0,",,7,2400",0,",,7",0,",,7",37,",,7",23,",,7",23,",,7,2400",,,,,,,,,,,,,,
USC00111577,"CHICAGO MIDWAY AIRPORT 3 SW, IL US",41.7372,-87.7775,189,3/11/2017,0,",,7,2400",0,",,7",0,",,7",30,",,7",18,",,7",25,",,7,2400",,,,,,,,,,,,,,
USC00111577,"CHICAGO MIDWAY AIRPORT 3 SW, IL US",41.7372,-87.7775,189,3/12/2017,0.01,",,7,2400",0.1,",,7",0,"T,,7",36,",,7",20,",,7",29,",,7,2400",,,,,,,,,,,,,,
USC00111577,"CHICAGO MIDWAY AIRPORT 3 SW, IL US",41.7372,-87.7775,189,3/13/2017,0.18,",,7,2400",2.9,",,7",2,",,7",31,",,7",26,",,7",29,",,7,2400",,,1,",,7",,,,,,,,,,
USC00111577,"CHICAGO MIDWAY AIRPORT 3 SW, IL US",41.7372,-87.7775,189,3/14/2017,0.27,",,7,2400",6.3,",,7",5,",,7",29,",,7",20,",,7",20,",,7,2400",,,1,",,7",,,,,,,,,,
USC00111577,"CHICAGO MIDWAY AIRPORT 3 SW, IL US",41.7372,-87.7775,189,3/15/2017,0,",,7,2400",0,",,7",3,",,7",33,",,7",17,",,7",26,",,7,2400",,,,,,,,,,,,,,
USC00111577,"CHICAGO MIDWAY AIRPORT 3 SW, IL US",41.7372,-87.7775,189,3/16/2017,0,",,7,2400",0,",,7",0,"T,,7",42,",,7",19,",,7",37,",,7,2400",,,,,,,,,,,,,,
USC00111577,"CHICAGO MIDWAY AIRPORT 3 SW, IL US",41.7372,-87.7775,189,3/17/2017,0.03,",,7,2400",0,"T,,7",0,",,7",50,",,7",35,",,7",44,",,7,2400",,,1,",,7",,,1,",,7",,,,,,
USC00111577,"CHICAGO MIDWAY AIRPORT 3 SW, IL US",41.7372,-87.7775,189,3/18/2017,0,",,7,2400",0,",,7",0,",,7",45,",,7",36,",,7",36,",,7,2400",,,,,,,,,,,,,,
USC00111577,"CHICAGO MIDWAY AIRPORT 3 SW, IL US",41.7372,-87.7775,189,3/19/2017,0,",,7,2400",0,",,7",0,",,7",53,",,7",31,",,7",49,",,7,2400",,,,,,,,,,,,,,
USC00111577,"CHICAGO MIDWAY AIRPORT 3 SW, IL US",41.7372,-87.7775,189,3/20/2017,0.62,",,7,2400",0,",,7",0,",,7",54,",,7",41,",,7",42,",,7,2400",,,1,",,7",1,",,7",,,,,,,,
USC00111577,"CHICAGO MIDWAY AIRPORT 3 SW, IL US",41.7372,-87.7775,189,3/21/2017,0,",,7,2400",0,",,7",0,",,7",55,",,7",33,",,7",33,",,7,2400",,,,,,,,,,,,,,
USC00111577,"CHICAGO MIDWAY AIRPORT 3 SW, IL US",41.7372,-87.7775,189,3/22/2017,0,",,7,2400",0,",,7",0,",,7",35,",,7",29,",,7",32,",,7,2400",,,,,,,,,,,,,,
USC00111577,"CHICAGO MIDWAY AIRPORT 3 SW, IL US",41.7372,-87.7775,189,3/23/2017,0,"T,,7,2400",0,",,7",0,",,7",51,",,7",32,",,7",48,",,7,2400",,,,,1,",,7",,,,,,,,
USC00111577,"CHICAGO MIDWAY AIRPORT 3 SW, IL US",41.7372,-87.7775,189,3/24/2017,0.45,",,7,2400",0,",,7",0,",,7",82,",,7",41,",,7",41,",,7,2400",,,1,",,7",1,",,7",,,,,,,,
USC00111577,"CHICAGO MIDWAY AIRPORT 3 SW, IL US",41.7372,-87.7775,189,3/25/2017,0.55,",,7,2400",0,",,7",0,",,7",49,",,7",40,",,7",49,",,7,2400",,,1,",,7",,,,,,,,,,
USC00111577,"CHICAGO MIDWAY AIRPORT 3 SW, IL US",41.7372,-87.7775,189,3/26/2017,0.2,",,7,2400",0,",,7",0,",,7",62,",,7",48,",,7",51,",,7,2400",,,1,",,7",,,,,,,,,,
USC00111577,"CHICAGO MIDWAY AIRPORT 3 SW, IL US",41.7372,-87.7775,189,3/27/2017,0,"T,,7,2400",0,",,7",0,",,7",52,",,7",42,",,7",42,",,7,2400",,,1,",,7",,,,,,,,,,
USC00111577,"CHICAGO MIDWAY AIRPORT 3 SW, IL US",41.7372,-87.7775,189,3/28/2017,0,",,7,2400",0,",,7",0,",,7",47,",,7",37,",,7",37,",,7,2400",,,,,,,,,,,,,,
USC00111577,"CHICAGO MIDWAY AIRPORT 3 SW, IL US",41.7372,-87.7775,189,3/29/2017,0.28,",,7,2400",0,",,7",0,",,7",49,",,7",36,",,7",45,",,7,2400",,,1,",,7",,,,,,,,,,
USC00111577,"CHICAGO MIDWAY AIRPORT 3 SW, IL US",41.7372,-87.7775,189,3/30/2017,2.19,",,7,2400",0,",,7",0,",,7",46,",,7",39,",,7",39,",,7,2400",,,1,",,7",1,",,7",,,,,,,,
USC00111577,"CHICAGO MIDWAY AIRPORT 3 SW, IL US",41.7372,-87.7775,189,3/31/2017,0,"T,,7,2400",0,",,7",0,",,7",41,",,7",37,",,7",39,",,7,2400",,,1,",,7",,,,,,,,,,
USC00111577,"CHICAGO MIDWAY AIRPORT 3 SW, IL US",41.7372,-87.7775,189,4/1/2017,0,",,7,2400",0,",,7",0,",,7",56,",,7",33,",,7",46,",,7,2400",,,,,,,,,,,,,,
USC00111577,"CHICAGO MIDWAY AIRPORT 3 SW, IL US",41.7372,-87.7775,189,4/2/2017,0,"T,,7,2400",0,",,7",0,",,7",60,",,7",42,",,7",47,",,7,2400",,,,,,,,,,,,,,
USC00111577,"CHICAGO MIDWAY AIRPORT 3 SW, IL US",41.7372,-87.7775,189,4/3/2017,0.28,",,7,2400",0,",,7",0,",,7",52,",,7",46,",,7",46,",,7,2400",,,1,",,7",,,,,,,,,,
USC00111577,"CHICAGO MIDWAY AIRPORT 3 SW, IL US",41.7372,-87.7775,189,4/4/2017,0,"T,,7,2400",0,",,7",0,",,7",56,",,7",46,",,7",47,",,7,2400",,,1,",,7",,,,,,,,,,
USC00111577,"CHICAGO MIDWAY AIRPORT 3 SW, IL US",41.7372,-87.7775,189,4/5/2017,1.24,",,7,2400",0,",,7",0,",,7",48,",,7",39,",,7",39,",,7,2400",,,1,",,7",,,,,,,,,1,",,7"
USC00111577,"CHICAGO MIDWAY AIRPORT 3 SW, IL US",41.7372,-87.7775,189,4/6/2017,0.5,",,7,2400",0,",,7",0,",,7",52,",,7",38,",,7",40,",,7,2400",,,,,,,,,,,,,,
USC00111577,"CHICAGO MIDWAY AIRPORT 3 SW, IL US",41.7372,-87.7775,189,4/7/2017,0,",,7,2400",0,",,7",0,",,7",54,",,7",37,",,7",42,",,7,2400",,,,,,,,,,,,,,
USC00111577,"CHICAGO MIDWAY AIRPORT 3 SW, IL US",41.7372,-87.7775,189,4/8/2017,0,",,7,2400",0,",,7",0,",,7",67,",,7",40,",,7",58,",,7,2400",,,,,,,,,,,,,,
USC00111577,"CHICAGO MIDWAY AIRPORT 3 SW, IL US",41.7372,-87.7775,189,4/9/2017,0,",,7,2400",0,",,7",,,77,",,7",57,",,7",69,",,7,2400",,,,,,,,,,,,,,
USC00111577,"CHICAGO MIDWAY AIRPORT 3 SW, IL US",41.7372,-87.7775,189,4/10/2017,0.65,",,7,2400",0,"T,,7",0,",,7",78,",,7",42,",,7",42,",,7,2400",,,1,",,7",1,",,7",,,1,",,7",,,,
USC00111577,"CHICAGO MIDWAY AIRPORT 3 SW, IL US",41.7372,-87.7775,189,4/11/2017,0,"T,,7,2400",0,",,7",0,",,7",55,",,7",42,",,7",42,",,7,2400",,,1,",,7",,,,,,,,,,
USC00111577,"CHICAGO MIDWAY AIRPORT 3 SW, IL US",41.7372,-87.7775,189,4/12/2017,0,",,7,2400",0,",,7",0,",,7",57,",,7",39,",,7",48,",,7,2400",,,,,,,,,,,,,,
USC00111577,"CHICAGO MIDWAY AIRPORT 3 SW, IL US",41.7372,-87.7775,189,4/13/2017,0.15,",,7,2400",0,",,7",0,",,7",62,",,7",45,",,7",50,",,7,2400",,,1,",,7",,,,,,,,,,
USC00111577,"CHICAGO MIDWAY AIRPORT 3 SW, IL US",41.7372,-87.7775,189,4/14/2017,0.21,",,7,2400",0,",,7",0,",,7",69,",,7",46,",,7",63,",,7,2400",,,1,",,7",,,,,,,,,,
USC00111577,"CHICAGO MIDWAY AIRPORT 3 SW, IL US",41.7372,-87.7775,189,4/15/2017,0,",,7,2400",0,",,7",0,",,7",82,",,7",63,",,7",71,",,7,2400",,,,,,,,,,,,,,
USC00111577,"CHICAGO MIDWAY AIRPORT 3 SW, IL US",41.7372,-87.7775,189,4/16/2017,0.45,",,7,2400",0,",,7",0,",,7",74,",,7",57,",,7",57,",,7,2400",,,1,",,7",1,",,7",,,,,,,,
USC00111577,"CHICAGO MIDWAY AIRPORT 3 SW, IL US",41.7372,-87.7775,189,4/17/2017,0,",,7,2400",0,",,7",0,",,7",69,",,7",45,",,7",45,",,7,2400",,,,,,,,,,,,,,
USC00111577,"CHICAGO MIDWAY AIRPORT 3 SW, IL US",41.7372,-87.7775,189,4/18/2017,0,",,7,2400",0,",,7",0,",,7",77,",,7",44,",,7",69,",,7,2400",,,,,,,,,,,,,,
USC00111577,"CHICAGO MIDWAY AIRPORT 3 SW, IL US",41.7372,-87.7775,189,4/19/2017,0.11,",,7,2400",0,",,7",0,",,7",70,",,7",46,",,7",49,",,7,2400",,,,,1,",,7",,,,,,,,
USC00111577,"CHICAGO MIDWAY AIRPORT 3 SW, IL US",41.7372,-87.7775,189,4/20/2017,0,"T,,7,2400",0,",,7",0,",,7",75,",,7",49,",,7",49,",,7,2400",,,,,,,,,,,,,,
USC00111577,"CHICAGO MIDWAY AIRPORT 3 SW, IL US",41.7372,-87.7775,189,4/21/2017,0,",,7,2400",0,",,7",0,",,7",52,",,7",45,",,7",47,",,7,2400",,,,,,,,,,,,,,
USC00111577,"CHICAGO MIDWAY AIRPORT 3 SW, IL US",41.7372,-87.7775,189,4/22/2017,0,",,7,2400",0,",,7",0,",,7",58,",,7",44,",,7",47,",,7,2400",0,",,7",,,,,,,,,,,,
USC00111577,"CHICAGO MIDWAY AIRPORT 3 SW, IL US",41.7372,-87.7775,189,4/23/2017,0,",,7,2400",0,",,7",0,",,7",69,",,7",39,",,7",47,",,7,2400",,,,,,,,,,,,,,
USC00111577,"CHICAGO MIDWAY AIRPORT 3 SW, IL US",41.7372,-87.7775,189,4/24/2017,0,",,7,2400",0,",,7",0,",,7",72,",,7",42,",,7",60,",,7,2400",,,,,,,,,,,,,,
USC00111577,"CHICAGO MIDWAY AIRPORT 3 SW, IL US",41.7372,-87.7775,189,4/25/2017,0,",,7,2400",0,",,7",0,",,7",80,",,7",57,",,7",69,",,7,2400",,,,,,,,,,,,,,
USC00111577,"CHICAGO MIDWAY AIRPORT 3 SW, IL US",41.7372,-87.7775,189,4/26/2017,0.27,",,7,2400",0,",,7",0,",,7",77,",,7",62,",,7",62,",,7,2400",,,1,",,7",,,,,,,,,,
USC00111577,"CHICAGO MIDWAY AIRPORT 3 SW, IL US",41.7372,-87.7775,189,4/27/2017,0.13,",,7,2400",0,",,7",0,",,7",62,",,7",43,",,7",43,",,7,2400",,,1,",,7",,,,,,,,,,
USC00111577,"CHICAGO MIDWAY AIRPORT 3 SW, IL US",41.7372,-87.7775,189,4/28/2017,0,",,7,2400",0,",,7",0,",,7",59,",,7",42,",,7",47,",,7,2400",,,,,,,,,,,,,,
USC00111577,"CHICAGO MIDWAY AIRPORT 3 SW, IL US",41.7372,-87.7775,189,4/29/2017,2.29,",,7,2400",0,",,7",0,",,7",47,",,7",41,",,7",46,",,7,2400",,,1,",,7",1,",,7",,,,,,,,
USC00111577,"CHICAGO MIDWAY AIRPORT 3 SW, IL US",41.7372,-87.7775,189,4/30/2017,1.21,",,7,2400",0,",,7",0,",,7",52,",,7",44,",,7",50,",,7,2400",,,1,",,7",1,",,7",,,,,,,,
USC00111577,"CHICAGO MIDWAY AIRPORT 3 SW, IL US",41.7372,-87.7775,189,5/1/2017,0.41,",,7,2400",0,",,7",0,",,7",58,",,7",45,",,7",45,",,7,2400",,,1,",,7",,,,,,,,,,
USC00111577,"CHICAGO MIDWAY AIRPORT 3 SW, IL US",41.7372,-87.7775,189,5/2/2017,0.04,",,7,2400",0,",,7",0,",,7",51,",,7",42,",,7",42,",,7,2400",,,1,",,7",,,,,,,,,,
USC00111577,"CHICAGO MIDWAY AIRPORT 3 SW, IL US",41.7372,-87.7775,189,5/3/2017,0,",,7,2400",0,",,7",0,",,7",56,",,7",38,",,7",46,",,7,2400",,,,,,,,,,,,,,
USC00111577,"CHICAGO MIDWAY AIRPORT 3 SW, IL US",41.7372,-87.7775,189,5/4/2017,0,"T,,7,2400",0,",,7",0,",,7",52,",,7",46,",,7",46,",,7,2400",,,,,,,,,,,,,,
USC00111577,"CHICAGO MIDWAY AIRPORT 3 SW, IL US",41.7372,-87.7775,189,5/5/2017,0,"T,,7,2400",0,",,7",0,",,7",58,",,7",43,",,7",49,",,7,2400",,,,,,,,,,,,,,
USC00111577,"CHICAGO MIDWAY AIRPORT 3 SW, IL US",41.7372,-87.7775,189,5/6/2017,0.08,",,7,2400",0,",,7",0,",,7",57,",,7",44,",,7",44,",,7,2400",,,,,,,,,,,,,,
USC00111577,"CHICAGO MIDWAY AIRPORT 3 SW, IL US",41.7372,-87.7775,189,5/7/2017,0,",,7,2400",0,",,7",0,",,7",58,",,7",38,",,7",43,",,7,2400",,,,,,,,,,,,,,
USC00111577,"CHICAGO MIDWAY AIRPORT 3 SW, IL US",41.7372,-87.7775,189,5/8/2017,0.03,",,7,2400",0,",,7",0,",,7",55,",,7",39,",,7",43,",,7,2400",,,,,,,,,,,,,,
USC00111577,"CHICAGO MIDWAY AIRPORT 3 SW, IL US",41.7372,-87.7775,189,5/9/2017,0.4,",,7,2400",0,",,7",0,",,7",60,",,7",43,",,7",50,",,7,2400",,,,,,,,,,,,,,
USC00111577,"CHICAGO MIDWAY AIRPORT 3 SW, IL US",41.7372,-87.7775,189,5/10/2017,0.9,",,7,2400",0,",,7",0,",,7",65,",,7",50,",,7",50,",,7,2400",,,1,",,7",1,",,7",,,,,,,,
USC00111577,"CHICAGO MIDWAY AIRPORT 3 SW, IL US",41.7372,-87.7775,189,5/11/2017,0,",,7,2400",0,",,7",0,",,7",63,",,7",49,",,7",53,",,7,2400",,,,,,,,,,,,,,
USC00111577,"CHICAGO MIDWAY AIRPORT 3 SW, IL US",41.7372,-87.7775,189,5/12/2017,0,",,7,2400",0,",,7",0,",,7",71,",,7",47,",,7",53,",,7,2400",,,,,,,,,,,,,,
USC00111577,"CHICAGO MIDWAY AIRPORT 3 SW, IL US",41.7372,-87.7775,189,5/13/2017,0,",,7,2400",0,",,7",0,",,7",81,",,7",48,",,7",61,",,7,2400",,,,,,,,,,,,,,
USC00111577,"CHICAGO MIDWAY AIRPORT 3 SW, IL US",41.7372,-87.7775,189,5/14/2017,0,",,7,2400",0,",,7",0,",,7",71,",,7",53,",,7",53,",,7,2400",,,,,,,,,,,,,,
USC00111577,"CHICAGO MIDWAY AIRPORT 3 SW, IL US",41.7372,-87.7775,189,5/15/2017,0,"T,,7,2400",0,",,7",0,",,7",85,",,7",51,",,7",69,",,7,2400",,,,,1,",,7",,,,,,,,
USC00111577,"CHICAGO MIDWAY AIRPORT 3 SW, IL US",41.7372,-87.7775,189,5/16/2017,0,",,7,2400",0,",,7",0,",,7",89,",,7",67,",,7",76,",,7,2400",,,,,,,,,,,,,,
USC00111577,"CHICAGO MIDWAY AIRPORT 3 SW, IL US",41.7372,-87.7775,189,5/17/2017,0.6,",,7,2400",0,",,7",0,",,7",86,",,7",65,",,7",65,",,7,2400",,,1,",,7",1,",,7",,,,,,,1,",,7"
USC00111577,"CHICAGO MIDWAY AIRPORT 3 SW, IL US",41.7372,-87.7775,189,5/18/2017,0.05,",,7,2400",0,",,7",0,",,7",80,",,7",50,",,7",50,",,7,2400",,,1,",,7",1,",,7",,,,,,,,
USC00111577,"CHICAGO MIDWAY AIRPORT 3 SW, IL US",41.7372,-87.7775,189,5/19/2017,0.26,",,7,2400",0,",,7",0,",,7",50,",,7",44,",,7",50,",,7,2400",,,1,",,7",,,,,,,,,,
USC00111577,"CHICAGO MIDWAY AIRPORT 3 SW, IL US",41.7372,-87.7775,189,5/20/2017,0.3,",,7,2400",0,",,7",0,",,7",68,",,7",50,",,7",64,",,7,2400",,,1,",,7",1,",,7",,,,,,,,
USC00111577,"CHICAGO MIDWAY AIRPORT 3 SW, IL US",41.7372,-87.7775,189,5/21/2017,0.04,",,7,2400",0,",,7",0,",,7",66,",,7",52,",,7",52,",,7,2400",,,1,",,7",,,,,,,,,,
USC00111577,"CHICAGO MIDWAY AIRPORT 3 SW, IL US",41.7372,-87.7775,189,5/22/2017,0.02,",,7,2400",0,",,7",0,",,7",75,",,7",49,",,7",61,",,7,2400",,,,,,,,,,,,,,
USC00111577,"CHICAGO MIDWAY AIRPORT 3 SW, IL US",41.7372,-87.7775,189,5/23/2017,0.42,",,7,2400",0,",,7",0,",,7",65,",,7",57,",,7",57,",,7,2400",,,1,",,7",1,",,7",,,,,,,,
USC00111577,"CHICAGO MIDWAY AIRPORT 3 SW, IL US",41.7372,-87.7775,189,5/24/2017,0.5,",,7,2400",0,",,7",0,",,7",61,",,7",52,",,7",54,",,7,2400",,,1,",,7",,,,,,,,,,
USC00111577,"CHICAGO MIDWAY AIRPORT 3 SW, IL US",41.7372,-87.7775,189,5/25/2017,0,",,7,2400",0,",,7",0,",,7",70,",,7",54,",,7",55,",,7,2400",,,,,,,,,,,,,,
USC00111577,"CHICAGO MIDWAY AIRPORT 3 SW, IL US",41.7372,-87.7775,189,5/26/2017,0.39,",,7,2400",0,",,7",0,",,7",71,",,7",52,",,7",57,",,7,2400",,,1,",,7",1,",,7",,,,,,,,
USC00111577,"CHICAGO MIDWAY AIRPORT 3 SW, IL US",41.7372,-87.7775,189,5/27/2017,0,",,7,2400",0,",,7",0,",,7",75,",,7",56,",,7",62,",,7,2400",,,,,,,,,,,,,,
USC00111577,"CHICAGO MIDWAY AIRPORT 3 SW, IL US",41.7372,-87.7775,189,5/28/2017,0,"T,,7,2400",0,",,7",0,",,7",77,",,7",59,",,7",65,",,7,2400",,,,,,,,,,,,,,
USC00111577,"CHICAGO MIDWAY AIRPORT 3 SW, IL US",41.7372,-87.7775,189,5/29/2017,0,",,7,2400",0,",,7",0,",,7",78,",,7",61,",,7",64,",,7,2400",,,,,,,,,,,,,,
USC00111577,"CHICAGO MIDWAY AIRPORT 3 SW, IL US",41.7372,-87.7775,189,5/30/2017,0,"T,,7,2400",0,",,7",0,",,7",74,",,7",56,",,7",63,",,7,2400",,,,,,,,,,,,,,
USC00111577,"CHICAGO MIDWAY AIRPORT 3 SW, IL US",41.7372,-87.7775,189,5/31/2017,0,",,7,2400",0,",,7",0,",,7",74,",,7",54,",,7",61,",,7,2400",,,,,,,,,,,,,,
USC00111577,"CHICAGO MIDWAY AIRPORT 3 SW, IL US",41.7372,-87.7775,189,6/1/2017,0,",,7,2400",0,",,7",0,",,7",79,",,7",55,",,7",63,",,7,2400",,,,,,,,,,,,,,
USC00111577,"CHICAGO MIDWAY AIRPORT 3 SW, IL US",41.7372,-87.7775,189,6/2/2017,0,",,7,2400",0,",,7",0,",,7",85,",,7",58,",,7",70,",,7,2400",,,,,,,,,,,,,,
USC00111577,"CHICAGO MIDWAY AIRPORT 3 SW, IL US",41.7372,-87.7775,189,6/3/2017,0,",,7,2400",0,",,7",0,",,7",86,",,7",63,",,7",77,",,7,2400",,,,,,,,,,,,,,
USC00111577,"CHICAGO MIDWAY AIRPORT 3 SW, IL US",41.7372,-87.7775,189,6/4/2017,0,",,7,2400",0,",,7",0,",,7",91,",,7",70,",,7",70,",,7,2400",,,,,,,,,,,,,,
USC00111577,"CHICAGO MIDWAY AIRPORT 3 SW, IL US",41.7372,-87.7775,189,6/5/2017,0,",,7,2400",0,",,7",0,",,7",78,",,7",59,",,7",59,",,7,2400",,,,,,,,,,,,,,
USC00111577,"CHICAGO MIDWAY AIRPORT 3 SW, IL US",41.7372,-87.7775,189,6/6/2017,0,",,7,2400",0,",,7",0,",,7",75,",,7",55,",,7",61,",,7,2400",,,,,,,,,,,,,,
USC00111577,"CHICAGO MIDWAY AIRPORT 3 SW, IL US",41.7372,-87.7775,189,6/7/2017,0,",,7,2400",0,",,7",0,",,7",76,",,7",58,",,7",64,",,7,2400",,,,,,,,,,,,,,
USC00111577,"CHICAGO MIDWAY AIRPORT 3 SW, IL US",41.7372,-87.7775,189,6/8/2017,0.02,",,7,2400",0,",,7",0,",,7",83,",,7",57,",,7",68,",,7,2400",,,,,,,,,,,,,,
USC00111577,"CHICAGO MIDWAY AIRPORT 3 SW, IL US",41.7372,-87.7775,189,6/9/2017,0.05,",,7,2400",0,",,7",0,",,7",89,",,7",66,",,7",68,",,7,2400",,,,,,,,,,,,,,
USC00111577,"CHICAGO MIDWAY AIRPORT 3 SW, IL US",41.7372,-87.7775,189,6/10/2017,0,",,7,2400",0,",,7",0,",,7",91,",,7",68,",,7",77,",,7,2400",,,,,,,,,,,,,,
USC00111577,"CHICAGO MIDWAY AIRPORT 3 SW, IL US",41.7372,-87.7775,189,6/11/2017,0,",,7,2400",0,",,7",0,",,7",94,",,7",71,",,7",80,",,7,2400",,,,,,,,,,,,,,
USC00111577,"CHICAGO MIDWAY AIRPORT 3 SW, IL US",41.7372,-87.7775,189,6/12/2017,0,",,7,2400",0,",,7",0,",,7",95,",,7",74,",,7",76,",,7,2400",,,,,,,,,,,,,,
USC00111577,"CHICAGO MIDWAY AIRPORT 3 SW, IL US",41.7372,-87.7775,189,6/13/2017,0.02,",,7,2400",0,",,7",0,",,7",89,",,7",71,",,7",76,",,7,2400",,,,,1,",,7",,,,,,,,
USC00111577,"CHICAGO MIDWAY AIRPORT 3 SW, IL US",41.7372,-87.7775,189,6/14/2017,0.2,",,7,2400",0,",,7",0,",,7",90,",,7",68,",,7",71,",,7,2400",,,1,",,7",1,",,7",,,,,,,,
USC00111577,"CHICAGO MIDWAY AIRPORT 3 SW, IL US",41.7372,-87.7775,189,6/15/2017,0,"T,,7,2400",0,",,7",0,",,7",91,",,7",70,",,7",79,",,7,2400",,,,,,,,,,,,,,
USC00111577,"CHICAGO MIDWAY AIRPORT 3 SW, IL US",41.7372,-87.7775,189,6/16/2017,0.15,",,7,2400",0,",,7",0,",,7",86,",,7",67,",,7",78,",,7,2400",,,,,,,,,,,,,,
USC00111577,"CHICAGO MIDWAY AIRPORT 3 SW, IL US",41.7372,-87.7775,189,6/17/2017,0.07,",,7,2400",0,",,7",0,",,7",88,",,7",73,",,7",73,",,7,2400",,,1,",,7",1,",,7",,,,,,,,
USC00111577,"CHICAGO MIDWAY AIRPORT 3 SW, IL US",41.7372,-87.7775,189,6/18/2017,0,",,7,2400",0,",,7",0,",,7",80,",,7",70,",,7",70,",,7,2400",,,,,,,,,,,,,,
USC00111577,"CHICAGO MIDWAY AIRPORT 3 SW, IL US",41.7372,-87.7775,189,6/19/2017,0.09,",,7,2400",0,",,7",0,",,7",79,",,7",61,",,7",61,",,7,2400",,,1,",,7",1,",,7",,,,,,,,
USC00111577,"CHICAGO MIDWAY AIRPORT 3 SW, IL US",41.7372,-87.7775,189,6/20/2017,0.19,",,7,2400",0,",,7",0,",,7",80,",,7",59,",,7",63,",,7,2400",,,1,",,7",1,",,7",,,,,,,,
USC00111577,"CHICAGO MIDWAY AIRPORT 3 SW, IL US",41.7372,-87.7775,189,6/21/2017,0,",,7,2400",0,",,7",0,",,7",79,",,7",57,",,7",73,",,7,2400",,,,,,,,,,,,,,
USC00111577,"CHICAGO MIDWAY AIRPORT 3 SW, IL US",41.7372,-87.7775,189,6/22/2017,0.02,",,7,2400",0,",,7",0,",,7",89,",,7",73,",,7",76,",,7,2400",,,1,",,7",1,",,7",,,,,,,,
USC00111577,"CHICAGO MIDWAY AIRPORT 3 SW, IL US",41.7372,-87.7775,189,6/23/2017,0.82,",,7,2400",0,",,7",0,",,7",83,",,7",67,",,7",67,",,7,2400",,,1,",,7",1,",,7",,,,,,,,
USC00111577,"CHICAGO MIDWAY AIRPORT 3 SW, IL US",41.7372,-87.7775,189,6/24/2017,0,"T,,7,2400",0,",,7",0,",,7",75,",,7",62,",,7",62,",,7,2400",,,,,,,,,,,,,,
USC00111577,"CHICAGO MIDWAY AIRPORT 3 SW, IL US",41.7372,-87.7775,189,6/25/2017,0,",,7,2400",0,",,7",0,",,7",73,",,7",56,",,7",60,",,7,2400",,,,,,,,,,,,,,
USC00111577,"CHICAGO MIDWAY AIRPORT 3 SW, IL US",41.7372,-87.7775,189,6/26/2017,0,",,7,2400",0,",,7",0,",,7",74,",,7",55,",,7",58,",,7,2400",,,,,,,,,,,,,,
USC00111577,"CHICAGO MIDWAY AIRPORT 3 SW, IL US",41.7372,-87.7775,189,6/27/2017,0,",,7,2400",0,",,7",0,",,7",78,",,7",54,",,7",66,",,7,2400",,,,,,,,,,,,,,
USC00111577,"CHICAGO MIDWAY AIRPORT 3 SW, IL US",41.7372,-87.7775,189,6/28/2017,0.28,",,7,2400",0,",,7",0,",,7",83,",,7",63,",,7",70,",,7,2400",,,1,",,7",1,",,7",,,,,,,,
USC00111577,"CHICAGO MIDWAY AIRPORT 3 SW, IL US",41.7372,-87.7775,189,6/29/2017,0.25,",,7,2400",0,",,7",0,",,7",83,",,7",68,",,7",69,",,7,2400",,,1,",,7",1,",,7",,,,,,,,
USC00111577,"CHICAGO MIDWAY AIRPORT 3 SW, IL US",41.7372,-87.7775,189,6/30/2017,0.01,",,7,2400",0,",,7",0,",,7",83,",,7",67,",,7",72,",,7,2400",,,1,",,7",1,",,7",,,,,,,,
USC00111577,"CHICAGO MIDWAY AIRPORT 3 SW, IL US",41.7372,-87.7775,189,7/1/2017,0,",,7,2400",0,",,7",0,",,7",83,",,7",68,",,7",69,",,7,2400",,,,,,,,,,,,,,
USC00111577,"CHICAGO MIDWAY AIRPORT 3 SW, IL US",41.7372,-87.7775,189,7/2/2017,0.02,",,7,2400",0,",,7",0,",,7",89,",,7",62,",,7",72,",,7,2400",,,,,1,",,7",,,,,,,,
USC00111577,"CHICAGO MIDWAY AIRPORT 3 SW, IL US",41.7372,-87.7775,189,7/3/2017,0,"T,,7,2400",0,",,7",0,",,7",82,",,7",69,",,7",69,",,7,2400",,,,,,,,,,,,,,
USC00111577,"CHICAGO MIDWAY AIRPORT 3 SW, IL US",41.7372,-87.7775,189,7/4/2017,0,",,7,2400",0,",,7",0,",,7",84,",,7",68,",,7",73,",,7,2400",,,,,,,,,,,,,,
USC00111577,"CHICAGO MIDWAY AIRPORT 3 SW, IL US",41.7372,-87.7775,189,7/5/2017,0,",,7,2400",0,",,7",0,",,7",87,",,7",71,",,7",78,",,7,2400",,,,,,,,,,,,,,
USC00111577,"CHICAGO MIDWAY AIRPORT 3 SW, IL US",41.7372,-87.7775,189,7/6/2017,0,",,7,2400",0,",,7",0,",,7",92,",,7",72,",,7",81,",,7,2400",,,,,1,",,7",,,,,,,,
USC00111577,"CHICAGO MIDWAY AIRPORT 3 SW, IL US",41.7372,-87.7775,189,7/7/2017,0,"T,,7,2400",0,",,7",0,",,7",88,",,7",67,",,7",67,",,7,2400",,,,,1,",,7",,,,,,,,
USC00111577,"CHICAGO MIDWAY AIRPORT 3 SW, IL US",41.7372,-87.7775,189,7/8/2017,0,",,7,2400",0,",,7",0,",,7",78,",,7",64,",,7",67,",,7,2400",,,,,,,,,,,,,,
USC00111577,"CHICAGO MIDWAY AIRPORT 3 SW, IL US",41.7372,-87.7775,189,7/9/2017,0,",,7,2400",0,",,7",0,",,7",87,",,7",61,",,7",77,",,7,2400",,,,,,,,,,,,,,
USC00111577,"CHICAGO MIDWAY AIRPORT 3 SW, IL US",41.7372,-87.7775,189,7/10/2017,0.42,",,7,2400",0,",,7",0,",,7",85,",,7",68,",,7",76,",,7,2400",,,1,",,7",1,",,7",,,,,,,,
USC00111577,"CHICAGO MIDWAY AIRPORT 3 SW, IL US",41.7372,-87.7775,189,7/11/2017,0.02,",,7,2400",0,",,7",0,",,7",86,",,7",72,",,7",79,",,7,2400",,,1,",,7",1,",,7",,,,,,,,
USC00111577,"CHICAGO MIDWAY AIRPORT 3 SW, IL US",41.7372,-87.7775,189,7/12/2017,0.92,",,7,2400",0,",,7",0,",,7",80,",,7",69,",,7",78,",,7,2400",,,1,",,7",1,",,7",,,,,,,,
USC00111577,"CHICAGO MIDWAY AIRPORT 3 SW, IL US",41.7372,-87.7775,189,7/13/2017,0,",,7,2400",0,",,7",0,",,7",84,",,7",72,",,7",72,",,7,2400",,,,,,,,,,,,,,
USC00111577,"CHICAGO MIDWAY AIRPORT 3 SW, IL US",41.7372,-87.7775,189,7/14/2017,0,",,7,2400",0,",,7",0,",,7",75,",,7",64,",,7",64,",,7,2400",,,,,,,,,,,,,,
USC00111577,"CHICAGO MIDWAY AIRPORT 3 SW, IL US",41.7372,-87.7775,189,7/15/2017,0,",,7,2400",0,",,7",0,",,7",83,",,7",61,",,7",72,",,7,2400",,,,,,,,,,,,,,
USC00111577,"CHICAGO MIDWAY AIRPORT 3 SW, IL US",41.7372,-87.7775,189,7/16/2017,0,"T,,7,2400",0,",,7",0,",,7",81,",,7",65,",,7",65,",,7,2400",,,,,,,,,,,,,,
USC00111577,"CHICAGO MIDWAY AIRPORT 3 SW, IL US",41.7372,-87.7775,189,7/17/2017,0,",,7,2400",0,",,7",0,",,7",79,",,7",58,",,7",68,",,7,2400",,,,,,,,,,,,,,
USC00111577,"CHICAGO MIDWAY AIRPORT 3 SW, IL US",41.7372,-87.7775,189,7/18/2017,0,",,7,2400",0,",,7",0,",,7",90,",,7",63,",,7",78,",,7,2400",,,,,,,,,,,,,,
USC00111577,"CHICAGO MIDWAY AIRPORT 3 SW, IL US",41.7372,-87.7775,189,7/19/2017,0.25,",,7,2400",0,",,7",0,",,7",89,",,7",71,",,7",71,",,7,2400",,,1,",,7",1,",,7",,,,,,,1,",,7"
USC00111577,"CHICAGO MIDWAY AIRPORT 3 SW, IL US",41.7372,-87.7775,189,7/20/2017,0.7,",,7,2400",0,",,7",0,",,7",89,",,7",70,",,7",78,",,7,2400",,,1,",,7",1,",,7",,,,,,,,
USC00111577,"CHICAGO MIDWAY AIRPORT 3 SW, IL US",41.7372,-87.7775,189,7/21/2017,1.35,",,7,2400",0,",,7",0,",,7",89,",,7",73,",,7",73,",,7,2400",,,1,",,7",1,",,7",,,,,,,,
USC00111577,"CHICAGO MIDWAY AIRPORT 3 SW, IL US",41.7372,-87.7775,189,7/22/2017,0.65,",,7,2400",0,",,7",0,",,7",87,",,7",72,",,7",75,",,7,2400",,,1,",,7",1,",,7",,,,,,,,
USC00111577,"CHICAGO MIDWAY AIRPORT 3 SW, IL US",41.7372,-87.7775,189,7/23/2017,0.08,",,7,2400",0,",,7",0,",,7",91,",,7",71,",,7",71,",,7,2400",,,1,",,7",1,",,7",,,,,,,,
USC00111577,"CHICAGO MIDWAY AIRPORT 3 SW, IL US",41.7372,-87.7775,189,7/24/2017,0,",,7,2400",0,",,7",0,",,7",75,",,7",68,",,7",69,",,7,2400",,,,,,,,,,,,,,
USC00111577,"CHICAGO MIDWAY AIRPORT 3 SW, IL US",41.7372,-87.7775,189,7/25/2017,0,",,7,2400",0,",,7",0,",,7",82,",,7",66,",,7",72,",,7,2400",,,,,,,,,,,,,,
USC00111577,"CHICAGO MIDWAY AIRPORT 3 SW, IL US",41.7372,-87.7775,189,7/26/2017,0.06,",,7,2400",0,",,7",0,",,7",85,",,7",68,",,7",77,",,7,2400",,,1,",,7",,,,,,,,,,
USC00111577,"CHICAGO MIDWAY AIRPORT 3 SW, IL US",41.7372,-87.7775,189,7/27/2017,0.01,",,7,2400",0,",,7",0,",,7",82,",,7",72,",,7",72,",,7,2400",,,1,",,7",,,,,,,,,,
USC00111577,"CHICAGO MIDWAY AIRPORT 3 SW, IL US",41.7372,-87.7775,189,7/28/2017,0,",,7,2400",0,",,7",0,",,7",79,",,7",70,",,7",73,",,7,2400",,,,,,,,,,,,,,
USC00111577,"CHICAGO MIDWAY AIRPORT 3 SW, IL US",41.7372,-87.7775,189,7/29/2017,0,",,7,2400",0,",,7",0,",,7",78,",,7",65,",,7",68,",,7,2400",,,,,,,,,,,,,,
USC00111577,"CHICAGO MIDWAY AIRPORT 3 SW, IL US",41.7372,-87.7775,189,7/30/2017,0,",,7,2400",0,",,7",0,",,7",84,",,7",64,",,7",72,",,7,2400",,,,,,,,,,,,,,
USC00111577,"CHICAGO MIDWAY AIRPORT 3 SW, IL US",41.7372,-87.7775,189,7/31/2017,0,",,7,2400",0,",,7",0,",,7",86,",,7",68,",,7",76,",,7,2400",,,,,,,,,,,,,,
USC00111577,"CHICAGO MIDWAY AIRPORT 3 SW, IL US",41.7372,-87.7775,189,8/1/2017,0,"T,,7,2400",0,",,7",0,",,7",86,",,7",71,",,7",72,",,7,2400",,,,,1,",,7",,,,,,,,
USC00111577,"CHICAGO MIDWAY AIRPORT 3 SW, IL US",41.7372,-87.7775,189,8/2/2017,0,"T,,7,2400",0,",,7",0,",,7",87,",,7",68,",,7",73,",,7,2400",,,,,1,",,7",,,,,,,,
USC00111577,"CHICAGO MIDWAY AIRPORT 3 SW, IL US",41.7372,-87.7775,189,8/3/2017,0.92,",,7,2400",0,",,7",0,",,7",86,",,7",63,",,7",63,",,7,2400",,,1,",,7",1,",,7",,,,,,,,
USC00111577,"CHICAGO MIDWAY AIRPORT 3 SW, IL US",41.7372,-87.7775,189,8/4/2017,0.03,",,7,2400",0,",,7",0,",,7",68,",,7",56,",,7",60,",,7,2400",,,1,",,7",,,,,,,,,,
USC00111577,"CHICAGO MIDWAY AIRPORT 3 SW, IL US",41.7372,-87.7775,189,8/5/2017,0,",,7,2400",0,",,7",0,",,7",79,",,7",59,",,7",68,",,7,2400",,,,,,,,,,,,,,
USC00111577,"CHICAGO MIDWAY AIRPORT 3 SW, IL US",41.7372,-87.7775,189,8/6/2017,0,",,7,2400",0,",,7",0,",,7",77,",,7",66,",,7",67,",,7,2400",,,,,,,,,,,,,,
USC00111577,"CHICAGO MIDWAY AIRPORT 3 SW, IL US",41.7372,-87.7775,189,8/7/2017,0,"T,,7,2400",0,",,7",0,",,7",77,",,7",60,",,7",60,",,7,2400",,,,,,,,,,,,,,
USC00111577,"CHICAGO MIDWAY AIRPORT 3 SW, IL US",41.7372,-87.7775,189,8/8/2017,0,",,7,2400",0,",,7",0,",,7",84,",,7",59,",,7",70,",,7,2400",,,,,,,,,,,,,,
USC00111577,"CHICAGO MIDWAY AIRPORT 3 SW, IL US",41.7372,-87.7775,189,8/9/2017,0,",,7,2400",0,",,7",0,",,7",84,",,7",64,",,7",71,",,7,2400",,,,,,,,,,,,,,
USC00111577,"CHICAGO MIDWAY AIRPORT 3 SW, IL US",41.7372,-87.7775,189,8/10/2017,0,",,7,2400",0,",,7",0,",,7",85,",,7",65,",,7",72,",,7,2400",,,,,,,,,,,,,,
USC00111577,"CHICAGO MIDWAY AIRPORT 3 SW, IL US",41.7372,-87.7775,189,8/11/2017,0,",,7,2400",0,",,7",0,",,7",80,",,7",66,",,7",66,",,7,2400",,,,,,,,,,,,,,
USC00111577,"CHICAGO MIDWAY AIRPORT 3 SW, IL US",41.7372,-87.7775,189,8/12/2017,0,",,7,2400",0,",,7",0,",,7",76,",,7",61,",,7",65,",,7,2400",,,,,,,,,,,,,,
USC00111577,"CHICAGO MIDWAY AIRPORT 3 SW, IL US",41.7372,-87.7775,189,8/13/2017,0,",,7,2400",0,",,7",0,",,7",77,",,7",59,",,7",71,",,7,2400",,,,,,,,,,,,,,
USC00111577,"CHICAGO MIDWAY AIRPORT 3 SW, IL US",41.7372,-87.7775,189,8/14/2017,0,",,7,2400",0,",,7",0,",,7",84,",,7",65,",,7",73,",,7,2400",,,,,,,,,,,,,,
USC00111577,"CHICAGO MIDWAY AIRPORT 3 SW, IL US",41.7372,-87.7775,189,8/15/2017,0,",,7,2400",0,",,7",0,",,7",84,",,7",68,",,7",71,",,7,2400",,,,,,,,,,,,,,
USC00111577,"CHICAGO MIDWAY AIRPORT 3 SW, IL US",41.7372,-87.7775,189,8/16/2017,0.12,",,7,2400",0,",,7",0,",,7",92,",,7",70,",,7",79,",,7,2400",,,1,",,7",,,,,,,,,,
USC00111577,"CHICAGO MIDWAY AIRPORT 3 SW, IL US",41.7372,-87.7775,189,8/17/2017,0.15,",,7,2400",0,",,7",0,",,7",84,",,7",73,",,7",73,",,7,2400",,,1,",,7",,,,,,,,,,
USC00111577,"CHICAGO MIDWAY AIRPORT 3 SW, IL US",41.7372,-87.7775,189,8/18/2017,0,",,7,2400",0,",,7",0,",,7",83,",,7",67,",,7",73,",,7,2400",,,,,,,,,,,,,,
USC00111577,"CHICAGO MIDWAY AIRPORT 3 SW, IL US",41.7372,-87.7775,189,8/19/2017,0,",,7,2400",0,",,7",0,",,7",82,",,7",64,",,7",72,",,7,2400",,,,,,,,,,,,,,
USC00111577,"CHICAGO MIDWAY AIRPORT 3 SW, IL US",41.7372,-87.7775,189,8/20/2017,0.01,",,7,2400",0,",,7",0,",,7",89,",,7",67,",,7",77,",,7,2400",,,1,",,7",1,",,7",,,,,,,,
USC00111577,"CHICAGO MIDWAY AIRPORT 3 SW, IL US",41.7372,-87.7775,189,8/21/2017,0.31,",,7,2400",0,",,7",0,",,7",87,",,7",72,",,7",72,",,7,2400",,,1,",,7",1,",,7",,,,,,,,
USC00111577,"CHICAGO MIDWAY AIRPORT 3 SW, IL US",41.7372,-87.7775,189,8/22/2017,0.07,",,7,2400",0,",,7",0,",,7",81,",,7",64,",,7",64,",,7,2400",,,,,,,,,,,,,,
USC00111577,"CHICAGO MIDWAY AIRPORT 3 SW, IL US",41.7372,-87.7775,189,8/23/2017,0,",,7,2400",0,",,7",0,",,7",78,",,7",60,",,7",66,",,7,2400",,,,,,,,,,,,,,
USC00111577,"CHICAGO MIDWAY AIRPORT 3 SW, IL US",41.7372,-87.7775,189,8/24/2017,0,",,7,2400",0,",,7",0,",,7",76,",,7",59,",,7",59,",,7,2400",,,,,,,,,,,,,,
USC00111577,"CHICAGO MIDWAY AIRPORT 3 SW, IL US",41.7372,-87.7775,189,8/25/2017,0,",,7,2400",0,",,7",0,",,7",73,",,7",53,",,7",64,",,7,2400",,,,,,,,,,,,,,
USC00111577,"CHICAGO MIDWAY AIRPORT 3 SW, IL US",41.7372,-87.7775,189,8/26/2017,0,"T,,7,2400",0,",,7",0,",,7",78,",,7",59,",,7",68,",,7,2400",,,,,,,,,,,,,,
USC00111577,"CHICAGO MIDWAY AIRPORT 3 SW, IL US",41.7372,-87.7775,189,8/27/2017,0.07,",,7,2400",0,",,7",0,",,7",79,",,7",64,",,7",68,",,7,2400",,,,,,,,,,,,,,
USC00111577,"CHICAGO MIDWAY AIRPORT 3 SW, IL US",41.7372,-87.7775,189,8/28/2017,0.02,",,7,2400",0,",,7",0,",,7",78,",,7",66,",,7",67,",,7,2400",,,1,",,7",1,",,7",,,,,,,,
USC00111577,"CHICAGO MIDWAY AIRPORT 3 SW, IL US",41.7372,-87.7775,189,8/29/2017,0,"T,,7,2400",0,",,7",0,",,7",76,",,7",63,",,7",64,",,7,2400",,,1,",,7",,,,,,,,,,
USC00111577,"CHICAGO MIDWAY AIRPORT 3 SW, IL US",41.7372,-87.7775,189,8/30/2017,0,",,7,2400",0,",,7",0,",,7",81,",,7",61,",,7",69,",,7,2400",,,,,,,,,,,,,,
USC00111577,"CHICAGO MIDWAY AIRPORT 3 SW, IL US",41.7372,-87.7775,189,8/31/2017,0,",,7,2400",0,",,7",0,",,7",74,",,7",66,",,7",66,",,7,2400",,,,,,,,,,,,,,
USC00111577,"CHICAGO MIDWAY AIRPORT 3 SW, IL US",41.7372,-87.7775,189,9/1/2017,0,",,7,2400",0,",,7",0,",,7",69,",,7",58,",,7",62,",,7,2400",,,,,,,,,,,,,,
USC00111577,"CHICAGO MIDWAY AIRPORT 3 SW, IL US",41.7372,-87.7775,189,9/2/2017,0.35,",,7,2400",0,",,7",0,",,7",74,",,7",50,",,7",60,",,7,2400",,,1,",,7",,,,,,,,,,
USC00111577,"CHICAGO MIDWAY AIRPORT 3 SW, IL US",41.7372,-87.7775,189,9/3/2017,0,",,7,2400",0,",,7",0,",,7",84,",,7",57,",,7",69,",,7,2400",,,,,,,,,,,,,,
USC00111577,"CHICAGO MIDWAY AIRPORT 3 SW, IL US",41.7372,-87.7775,189,9/4/2017,0,"T,,7,2400",0,",,7",0,",,7",84,",,7",65,",,7",65,",,7,2400",,,1,",,7",,,,,,,,,,
USC00111577,"CHICAGO MIDWAY AIRPORT 3 SW, IL US",41.7372,-87.7775,189,9/5/2017,0,",,7,2400",0,",,7",,,72,",,7",55,",,7",55,",,7,2400",,,,,,,,,,,,,,
USC00111577,"CHICAGO MIDWAY AIRPORT 3 SW, IL US",41.7372,-87.7775,189,9/6/2017,0,"T,,7,2400",0,",,7",0,",,7",67,",,7",50,",,7",56,",,7,2400",,,,,,,,,,,,,,
USC00111577,"CHICAGO MIDWAY AIRPORT 3 SW, IL US",41.7372,-87.7775,189,9/7/2017,0,"T,,7,2400",0,",,7",0,",,7",70,",,7",53,",,7",61,",,7,2400",,,,,,,,,,,,,,
USC00111577,"CHICAGO MIDWAY AIRPORT 3 SW, IL US",41.7372,-87.7775,189,9/8/2017,0,"T,,7,2400",0,",,7",0,",,7",72,",,7",59,",,7",64,",,7,2400",,,,,,,,,,,,,,
USC00111577,"CHICAGO MIDWAY AIRPORT 3 SW, IL US",41.7372,-87.7775,189,9/9/2017,0,",,7,2400",0,",,7",0,",,7",71,",,7",57,",,7",60,",,7,2400",,,,,,,,,,,,,,
USC00111577,"CHICAGO MIDWAY AIRPORT 3 SW, IL US",41.7372,-87.7775,189,9/10/2017,0,",,7,2400",0,",,7",0,",,7",70,",,7",53,",,7",60,",,7,2400",,,,,,,,,,,,,,
USC00111577,"CHICAGO MIDWAY AIRPORT 3 SW, IL US",41.7372,-87.7775,189,9/11/2017,0,",,7,2400",0,",,7",0,",,7",75,",,7",55,",,7",63,",,7,2400",,,,,,,,,,,,,,
USC00111577,"CHICAGO MIDWAY AIRPORT 3 SW, IL US",41.7372,-87.7775,189,9/12/2017,0,",,7,2400",0,",,7",0,",,7",77,",,7",58,",,7",66,",,7,2400",,,,,,,,,,,,,,
USC00111577,"CHICAGO MIDWAY AIRPORT 3 SW, IL US",41.7372,-87.7775,189,9/13/2017,0.05,",,7,2400",0,",,7",0,",,7",76,",,7",64,",,7",64,",,7,2400",,,1,",,7",,,,,,,,,,
USC00111577,"CHICAGO MIDWAY AIRPORT 3 SW, IL US",41.7372,-87.7775,189,9/14/2017,0,",,7,2400",0,",,7",0,",,7",81,",,7",59,",,7",69,",,7,2400",,,1,",,7",,,,,,,,,,
USC00111577,"CHICAGO MIDWAY AIRPORT 3 SW, IL US",41.7372,-87.7775,189,9/15/2017,0,",,7,2400",0,",,7",0,",,7",88,",,7",64,",,7",73,",,7,2400",,,,,,,,,,,,,,
USC00111577,"CHICAGO MIDWAY AIRPORT 3 SW, IL US",41.7372,-87.7775,189,9/16/2017,0,",,7,2400",0,",,7",0,",,7",89,",,7",67,",,7",76,",,7,2400",,,,,,,,,,,,,,
USC00111577,"CHICAGO MIDWAY AIRPORT 3 SW, IL US",41.7372,-87.7775,189,9/17/2017,0,",,7,2400",0,",,7",0,",,7",88,",,7",66,",,7",66,",,7,2400",,,,,,,,,,,,,,
USC00111577,"CHICAGO MIDWAY AIRPORT 3 SW, IL US",41.7372,-87.7775,189,9/18/2017,0,",,7,2400",0,",,7",0,",,7",77,",,7",59,",,7",69,",,7,2400",,,,,,,,,,,,,,
USC00111577,"CHICAGO MIDWAY AIRPORT 3 SW, IL US",41.7372,-87.7775,189,9/19/2017,0.19,",,7,2400",0,",,7",0,",,7",78,",,7",66,",,7",67,",,7,2400",,,1,",,7",,,,,,,,,,
USC00111577,"CHICAGO MIDWAY AIRPORT 3 SW, IL US",41.7372,-87.7775,189,9/20/2017,0,",,7,2400",0,",,7",0,",,7",92,",,7",66,",,7",79,",,7,2400",,,1,",,7",,,,,,,,,,
USC00111577,"CHICAGO MIDWAY AIRPORT 3 SW, IL US",41.7372,-87.7775,189,9/21/2017,0,",,7,2400",0,",,7",0,",,7",95,",,7",74,",,7",83,",,7,2400",,,,,,,,,,,,,,
USC00111577,"CHICAGO MIDWAY AIRPORT 3 SW, IL US",41.7372,-87.7775,189,9/22/2017,0,",,7,2400",0,",,7",0,",,7",95,",,7",75,",,7",81,",,7,2400",,,,,,,,,,,,,,
USC00111577,"CHICAGO MIDWAY AIRPORT 3 SW, IL US",41.7372,-87.7775,189,9/23/2017,0,",,7,2400",0,",,7",0,",,7",95,",,7",75,",,7",79,",,7,2400",,,,,,,,,,,,,,
USC00111577,"CHICAGO MIDWAY AIRPORT 3 SW, IL US",41.7372,-87.7775,189,9/24/2017,0,",,7,2400",0,",,7",0,",,7",92,",,7",73,",,7",77,",,7,2400",,,,,,,,,,,,,,
USC00111577,"CHICAGO MIDWAY AIRPORT 3 SW, IL US",41.7372,-87.7775,189,9/25/2017,0,",,7,2400",0,",,7",0,",,7",92,",,7",71,",,7",77,",,7,2400",,,,,,,,,,,,,,
USC00111577,"CHICAGO MIDWAY AIRPORT 3 SW, IL US",41.7372,-87.7775,189,9/26/2017,0,"T,,7,2400",0,",,7",0,",,7",93,",,7",72,",,7",72,",,7,2400",,,,,,,,,,,,,,
USC00111577,"CHICAGO MIDWAY AIRPORT 3 SW, IL US",41.7372,-87.7775,189,9/27/2017,0,",,7,2400",0,",,7",0,",,7",73,",,7",58,",,7",58,",,7,2400",,,,,,,,,,,,,,
USC00111577,"CHICAGO MIDWAY AIRPORT 3 SW, IL US",41.7372,-87.7775,189,9/28/2017,0,",,7,2400",0,",,7",0,",,7",73,",,7",54,",,7",61,",,7,2400",,,,,,,,,,,,,,
USC00111577,"CHICAGO MIDWAY AIRPORT 3 SW, IL US",41.7372,-87.7775,189,9/29/2017,0,"T,,7,2400",0,",,7",0,",,7",70,",,7",60,",,7",62,",,7,2400",,,,,,,,,,,,,,
USC00111577,"CHICAGO MIDWAY AIRPORT 3 SW, IL US",41.7372,-87.7775,189,9/30/2017,0,",,7,2400",0,",,7",0,",,7",66,",,7",57,",,7",57,",,7,2400",,,,,,,,,,,,,,
USC00111577,"CHICAGO MIDWAY AIRPORT 3 SW, IL US",41.7372,-87.7775,189,10/1/2017,0,",,7,2400",0,",,7",0,",,7",72,",,7",52,",,7",62,",,7,2400",,,,,,,,,,,,,,
USC00111577,"CHICAGO MIDWAY AIRPORT 3 SW, IL US",41.7372,-87.7775,189,10/2/2017,0,",,7,2400",0,",,7",0,",,7",83,",,7",62,",,7",72,",,7,2400",,,,,,,,,,,,,,
USC00111577,"CHICAGO MIDWAY AIRPORT 3 SW, IL US",41.7372,-87.7775,189,10/3/2017,0.08,",,7,2400",0,",,7",0,",,7",79,",,7",67,",,7",71,",,7,2400",,,1,",,7",,,,,,,,,,
USC00111577,"CHICAGO MIDWAY AIRPORT 3 SW, IL US",41.7372,-87.7775,189,10/4/2017,0.15,",,7,2400",0,",,7",0,",,7",72,",,7",62,",,7",62,",,7,2400",,,1,",,7",,,,,,,,,,
USC00111577,"CHICAGO MIDWAY AIRPORT 3 SW, IL US",41.7372,-87.7775,189,10/5/2017,0.04,",,7,2400",0,",,7",0,",,7",76,",,7",56,",,7",62,",,7,2400",,,1,",,7",,,,,,,,,,
USC00111577,"CHICAGO MIDWAY AIRPORT 3 SW, IL US",41.7372,-87.7775,189,10/6/2017,0.35,",,7,2400",0,",,7",0,",,7",72,",,7",62,",,7",70,",,7,2400",,,1,",,7",,,,,,,,,,
USC00111577,"CHICAGO MIDWAY AIRPORT 3 SW, IL US",41.7372,-87.7775,189,10/7/2017,0.48,",,7,2400",0,",,7",0,",,7",80,",,7",61,",,7",61,",,7,2400",,,1,",,7",,,,,,,,,1,",,7"
USC00111577,"CHICAGO MIDWAY AIRPORT 3 SW, IL US",41.7372,-87.7775,189,10/8/2017,0,",,7,2400",0,",,7",0,",,7",80,",,7",56,",,7",60,",,7,2400",,,,,,,,,,,,,,
USC00111577,"CHICAGO MIDWAY AIRPORT 3 SW, IL US",41.7372,-87.7775,189,10/9/2017,0,",,7,2400",0,",,7",0,",,7",82,",,7",55,",,7",64,",,7,2400",,,,,,,,,,,,,,
USC00111577,"CHICAGO MIDWAY AIRPORT 3 SW, IL US",41.7372,-87.7775,189,10/10/2017,0.87,",,7,2400",0,",,7",0,",,7",65,",,7",59,",,7",63,",,7,2400",,,1,",,7",,,,,,,,,,
USC00111577,"CHICAGO MIDWAY AIRPORT 3 SW, IL US",41.7372,-87.7775,189,10/11/2017,0.83,",,7,2400",0,",,7",0,",,7",63,",,7",57,",,7",57,",,7,2400",,,1,",,7",,,,,,,,,,
USC00111577,"CHICAGO MIDWAY AIRPORT 3 SW, IL US",41.7372,-87.7775,189,10/12/2017,0,",,7,2400",0,",,7",0,",,7",60,",,7",57,",,7",59,",,7,2400",,,1,",,7",,,,,,,,,,
USC00111577,"CHICAGO MIDWAY AIRPORT 3 SW, IL US",41.7372,-87.7775,189,10/13/2017,0,",,7,2400",0,",,7",0,",,7",74,",,7",54,",,7",66,",,7,2400",,,1,",,7",,,,,,,,,,
USC00111577,"CHICAGO MIDWAY AIRPORT 3 SW, IL US",41.7372,-87.7775,189,10/14/2017,5.11,",,7,2400",0,",,7",0,",,7",68,",,7",62,",,7",67,",,7,2400",,,1,",,7",1,",,7",,,,,,,,
USC00111577,"CHICAGO MIDWAY AIRPORT 3 SW, IL US",41.7372,-87.7775,189,10/15/2017,0.3,",,7,2400",0,",,7",0,",,7",68,",,7",48,",,7",48,",,7,2400",,,,,,,,,,,,,,
USC00111577,"CHICAGO MIDWAY AIRPORT 3 SW, IL US",41.7372,-87.7775,189,10/16/2017,0,",,7,2400",0,",,7",0,",,7",63,",,7",43,",,7",50,",,7,2400",,,,,,,,,,,,,,
USC00111577,"CHICAGO MIDWAY AIRPORT 3 SW, IL US",41.7372,-87.7775,189,10/17/2017,0,",,7,2400",0,",,7",0,",,7",71,",,7",48,",,7",54,",,7,2400",,,,,,,,,,,,,,
USC00111577,"CHICAGO MIDWAY AIRPORT 3 SW, IL US",41.7372,-87.7775,189,10/18/2017,0,",,7,2400",0,",,7",0,",,7",71,",,7",50,",,7",59,",,7,2400",,,,,,,,,,,,,,
USC00111577,"CHICAGO MIDWAY AIRPORT 3 SW, IL US",41.7372,-87.7775,189,10/19/2017,0,",,7,2400",0,",,7",0,",,7",69,",,7",53,",,7",58,",,7,2400",,,,,,,,,,,,,,
USC00111577,"CHICAGO MIDWAY AIRPORT 3 SW, IL US",41.7372,-87.7775,189,10/20/2017,0,",,7,2400",0,",,7",0,",,7",80,",,7",54,",,7",66,",,7,2400",,,,,,,,,,,,,,
USC00111577,"CHICAGO MIDWAY AIRPORT 3 SW, IL US",41.7372,-87.7775,189,10/21/2017,0,",,7,2400",0,",,7",0,",,7",78,",,7",62,",,7",67,",,7,2400",,,,,,,,,,,,,,
USC00111577,"CHICAGO MIDWAY AIRPORT 3 SW, IL US",41.7372,-87.7775,189,10/22/2017,0.76,",,7,2400",0,",,7",0,",,7",72,",,7",52,",,7",53,",,7,2400",,,1,",,7",,,,,,,,,,
USC00111577,"CHICAGO MIDWAY AIRPORT 3 SW, IL US",41.7372,-87.7775,189,10/23/2017,1.16,",,7,2400",0,",,7",0,",,7",54,",,7",50,",,7",50,",,7,2400",,,1,",,7",,,,,,,,,,
USC00111577,"CHICAGO MIDWAY AIRPORT 3 SW, IL US",41.7372,-87.7775,189,10/24/2017,0.55,",,7,2400",0,",,7",0,",,7",50,",,7",42,",,7",42,",,7,2400",,,1,",,7",,,,,,,,,,
USC00111577,"CHICAGO MIDWAY AIRPORT 3 SW, IL US",41.7372,-87.7775,189,10/25/2017,0,",,7,2400",0,",,7",0,",,7",54,",,7",38,",,7",42,",,7,2400",,,,,,,,,,,,,,
USC00111577,"CHICAGO MIDWAY AIRPORT 3 SW, IL US",41.7372,-87.7775,189,10/26/2017,0,",,7,2400",0,",,7",0,",,7",61,",,7",39,",,7",54,",,7,2400",,,,,,,,,,,,,,
USC00111577,"CHICAGO MIDWAY AIRPORT 3 SW, IL US",41.7372,-87.7775,189,10/27/2017,0,"T,,7,2400",0,",,7",0,",,7",54,",,7",37,",,7",37,",,7,2400",,,,,,,,,,,,,,
USC00111577,"CHICAGO MIDWAY AIRPORT 3 SW, IL US",41.7372,-87.7775,189,10/28/2017,0.01,",,7,2400",0,"T,,7",0,",,7",40,",,7",36,",,7",39,",,7,2400",,,1,",,7",,,,,,,,,,
USC00111577,"CHICAGO MIDWAY AIRPORT 3 SW, IL US",41.7372,-87.7775,189,10/29/2017,0,",,7,2400",0,",,7",0,",,7",46,",,7",33,",,7",44,",,7,2400",,,,,,,,,,,,,,
USC00111577,"CHICAGO MIDWAY AIRPORT 3 SW, IL US",41.7372,-87.7775,189,10/30/2017,0,",,7,2400",0,",,7",0,",,7",51,",,7",38,",,7",38,",,7,2400",,,,,,,,,,,,,,
USC00111577,"CHICAGO MIDWAY AIRPORT 3 SW, IL US",41.7372,-87.7775,189,10/31/2017,0,"T,,7,2400",0,"T,,7",0,",,7",41,",,7",35,",,7",37,",,7,2400",,,,,,,,,,,,,,
USC00111577,"CHICAGO MIDWAY AIRPORT 3 SW, IL US",41.7372,-87.7775,189,11/1/2017,0.37,",,7,2400",0,",,7",0,",,7",45,",,7",37,",,7",45,",,7,2400",,,1,",,7",,,,,,,,,,
USC00111577,"CHICAGO MIDWAY AIRPORT 3 SW, IL US",41.7372,-87.7775,189,11/2/2017,0.1,",,7,2400",0,",,7",0,",,7",52,",,7",45,",,7",48,",,7,2400",,,1,",,7",,,,,,,,,,
USC00111577,"CHICAGO MIDWAY AIRPORT 3 SW, IL US",41.7372,-87.7775,189,11/3/2017,0,",,7,2400",0,",,7",0,",,7",50,",,7",40,",,7",47,",,7,2400",,,,,,,,,,,,,,
USC00111577,"CHICAGO MIDWAY AIRPORT 3 SW, IL US",41.7372,-87.7775,189,11/4/2017,0.19,",,7,2400",0,",,7",0,",,7",51,",,7",43,",,7",51,",,7,2400",,,1,",,7",1,",,7",,,,,,,,
USC00111577,"CHICAGO MIDWAY AIRPORT 3 SW, IL US",41.7372,-87.7775,189,11/5/2017,0.02,",,7,2400",0,",,7",0,",,7",53,",,7",44,",,7",44,",,7,2400",,,1,",,7",,,,,,,,,,
USC00111577,"CHICAGO MIDWAY AIRPORT 3 SW, IL US",41.7372,-87.7775,189,11/6/2017,0,",,7,2400",0,",,7",0,",,7",44,",,7",33,",,7",44,",,7,2400",,,,,,,,,,,,,,
USC00111577,"CHICAGO MIDWAY AIRPORT 3 SW, IL US",41.7372,-87.7775,189,11/7/2017,0,",,7,2400",0,",,7",0,",,7",48,",,7",33,",,7",33,",,7,2400",,,,,,,,,,,,,,
USC00111577,"CHICAGO MIDWAY AIRPORT 3 SW, IL US",41.7372,-87.7775,189,11/8/2017,0,",,7,2400",0,",,7",0,",,7",47,",,7",29,",,7",35,",,7,2400",,,,,,,,,,,,,,
USC00111577,"CHICAGO MIDWAY AIRPORT 3 SW, IL US",41.7372,-87.7775,189,11/9/2017,0,",,7,2400",0,",,7",0,",,7",47,",,7",22,",,7",22,",,7,2400",,,,,,,,,,,,,,
USC00111577,"CHICAGO MIDWAY AIRPORT 3 SW, IL US",41.7372,-87.7775,189,11/10/2017,0,"T,,7,2400",0,"T,,7",0,",,7",31,",,7",20,",,7",27,",,7,2400",,,1,",,7",,,,,,,,,,
USC00111577,"CHICAGO MIDWAY AIRPORT 3 SW, IL US",41.7372,-87.7775,189,11/11/2017,0,",,7,2400",0,",,7",0,",,7",39,",,7",26,",,7",39,",,7,2400",,,,,,,,,,,,,,
USC00111577,"CHICAGO MIDWAY AIRPORT 3 SW, IL US",41.7372,-87.7775,189,11/12/2017,0.12,",,7,2400",0,",,7",0,",,7",41,",,7",38,",,7",38,",,7,2400",,,1,",,7",,,,,,,,,,
USC00111577,"CHICAGO MIDWAY AIRPORT 3 SW, IL US",41.7372,-87.7775,189,11/13/2017,0,",,7,2400",0,",,7",0,",,7",42,",,7",32,",,7",36,",,7,2400",,,1,",,7",,,,,,,,,,
USC00111577,"CHICAGO MIDWAY AIRPORT 3 SW, IL US",41.7372,-87.7775,189,11/14/2017,0,",,7,2400",0,",,7",0,",,7",50,",,7",33,",,7",48,",,7,2400",,,1,",,7",,,,,,,,,,
USC00111577,"CHICAGO MIDWAY AIRPORT 3 SW, IL US",41.7372,-87.7775,189,11/15/2017,0.4,",,7,2400",0,",,7",0,",,7",52,",,7",34,",,7",35,",,7,2400",,,1,",,7",,,,,,,,,,
USC00111577,"CHICAGO MIDWAY AIRPORT 3 SW, IL US",41.7372,-87.7775,189,11/16/2017,0,",,7,2400",0,",,7",0,",,7",39,",,7",32,",,7",38,",,7,2400",,,,,,,,,,,,,,
USC00111577,"CHICAGO MIDWAY AIRPORT 3 SW, IL US",41.7372,-87.7775,189,11/17/2017,0.41,",,7,2400",0,",,7",0,",,7",48,",,7",36,",,7",48,",,7,2400",,,1,",,7",1,",,7",,,,,,,,
USC00111577,"CHICAGO MIDWAY AIRPORT 3 SW, IL US",41.7372,-87.7775,189,11/18/2017,0.81,",,7,2400",0,"T,,7",0,",,7",48,",,7",36,",,7",38,",,7,2400",,,1,",,7",,,,,,,,,,
USC00111577,"CHICAGO MIDWAY AIRPORT 3 SW, IL US",41.7372,-87.7775,189,11/19/2017,0,",,7,2400",0,",,7",0,",,7",38,",,7",30,",,7",32,",,7,2400",,,,,,,,,,,,,,
USC00111577,"CHICAGO MIDWAY AIRPORT 3 SW, IL US",41.7372,-87.7775,189,11/20/2017,0,",,7,2400",0,",,7",0,",,7",54,",,7",31,",,7",44,",,7,2400",,,,,,,,,,,,,,
USC00111577,"CHICAGO MIDWAY AIRPORT 3 SW, IL US",41.7372,-87.7775,189,11/21/2017,0.06,",,7,2400",0,",,7",0,",,7",45,",,7",28,",,7",28,",,7,2400",,,,,,,,,,,,,,
USC00111577,"CHICAGO MIDWAY AIRPORT 3 SW, IL US",41.7372,-87.7775,189,11/22/2017,0,",,7,2400",0,",,7",0,",,7",35,",,7",23,",,7",32,",,7,2400",,,,,,,,,,,,,,
USC00111577,"CHICAGO MIDWAY AIRPORT 3 SW, IL US",41.7372,-87.7775,189,11/23/2017,0,",,7,2400",0,",,7",0,",,7",48,",,7",32,",,7",35,",,7,2400",,,,,,,,,,,,,,
USC00111577,"CHICAGO MIDWAY AIRPORT 3 SW, IL US",41.7372,-87.7775,189,11/24/2017,0,",,7,2400",0,",,7",0,",,7",62,",,7",34,",,7",53,",,7,2400",,,,,,,,,,,,,,
USC00111577,"CHICAGO MIDWAY AIRPORT 3 SW, IL US",41.7372,-87.7775,189,11/25/2017,0,",,7,2400",0,",,7",0,",,7",55,",,7",36,",,7",36,",,7,2400",,,,,,,,,,,,,,
USC00111577,"CHICAGO MIDWAY AIRPORT 3 SW, IL US",41.7372,-87.7775,189,11/26/2017,0,",,7,2400",0,",,7",0,",,7",49,",,7",28,",,7",41,",,7,2400",,,,,,,,,,,,,,
USC00111577,"CHICAGO MIDWAY AIRPORT 3 SW, IL US",41.7372,-87.7775,189,11/27/2017,0,",,7,2400",0,",,7",0,",,7",57,",,7",36,",,7",54,",,7,2400",,,,,,,,,,,,,,
USC00111577,"CHICAGO MIDWAY AIRPORT 3 SW, IL US",41.7372,-87.7775,189,11/28/2017,0,"T,,7,2400",0,",,7",0,",,7",62,",,7",46,",,7",46,",,7,2400",,,,,,,,,,,,,,
USC00111577,"CHICAGO MIDWAY AIRPORT 3 SW, IL US",41.7372,-87.7775,189,11/29/2017,0,",,7,2400",0,",,7",0,",,7",48,",,7",35,",,7",46,",,7,2400",,,,,,,,,,,,,,
USC00111577,"CHICAGO MIDWAY AIRPORT 3 SW, IL US",41.7372,-87.7775,189,11/30/2017,0,",,7,2400",0,",,7",0,",,7",55,",,7",39,",,7",39,",,7,2400",,,,,,,,,,,,,,
USC00111577,"CHICAGO MIDWAY AIRPORT 3 SW, IL US",41.7372,-87.7775,189,12/1/2017,0,",,7,2400",0,",,7",0,",,7",53,",,7",31,",,7",40,",,7,2400",,,,,,,,,,,,,,
USC00111577,"CHICAGO MIDWAY AIRPORT 3 SW, IL US",41.7372,-87.7775,189,12/2/2017,0,",,7,2400",0,",,7",0,",,7",54,",,7",35,",,7",40,",,7,2400",,,,,,,,,,,,,,
USC00111577,"CHICAGO MIDWAY AIRPORT 3 SW, IL US",41.7372,-87.7775,189,12/3/2017,0,",,7,2400",0,",,7",0,",,7",58,",,7",31,",,7",53,",,7,2400",,,,,,,,,,,,,,
USC00111577,"CHICAGO MIDWAY AIRPORT 3 SW, IL US",41.7372,-87.7775,189,12/4/2017,0.01,",,7,2400",0,",,7",0,",,7",65,",,7",46,",,7",46,",,7,2400",,,,,,,,,,,,,1,",,7"
USC00111577,"CHICAGO MIDWAY AIRPORT 3 SW, IL US",41.7372,-87.7775,189,12/5/2017,0,",,7,2400",0,",,7",0,",,7",46,",,7",28,",,7",29,",,7,2400",,,,,,,,,,,,,1,",,7"
USC00111577,"CHICAGO MIDWAY AIRPORT 3 SW, IL US",41.7372,-87.7775,189,12/6/2017,0,"T,,7,2400",0,"T,,7",0,",,7",36,",,7",26,",,7",26,",,7,2400",,,,,,,,,,,,,,
USC00111577,"CHICAGO MIDWAY AIRPORT 3 SW, IL US",41.7372,-87.7775,189,12/7/2017,0,"T,,7,2400",0.1,",,7",0,",,7",29,",,7",19,",,7",20,",,7,2400",,,,,,,,,,,,,,
USC00111577,"CHICAGO MIDWAY AIRPORT 3 SW, IL US",41.7372,-87.7775,189,12/8/2017,0,"T,,7,2400",0,"T,,7",0,"T,,7",37,",,7",18,",,7",32,",,7,2400",,,,,,,,,,,,,,
USC00111577,"CHICAGO MIDWAY AIRPORT 3 SW, IL US",41.7372,-87.7775,189,12/9/2017,0.03,",,7,2400",0.6,",,7",0,"T,,7",32,",,7",20,",,7",20,",,7,2400",,,,,,,,,,,,,,
USC00111577,"CHICAGO MIDWAY AIRPORT 3 SW, IL US",41.7372,-87.7775,189,12/10/2017,0,",,7,2400",0,",,7",0,"T,,7",36,",,7",20,",,7",29,",,7,2400",,,,,,,,,,,,,,
USC00111577,"CHICAGO MIDWAY AIRPORT 3 SW, IL US",41.7372,-87.7775,189,12/11/2017,0.05,",,7,2400",0.6,",,7",1,",,7",40,",,7",26,",,7",32,",,7,2400",,,1,",,7",,,,,,,,,,
USC00111577,"CHICAGO MIDWAY AIRPORT 3 SW, IL US",41.7372,-87.7775,189,12/12/2017,0,"T,,7,2400",0,"T,,7",1,",,7",32,",,7",18,",,7",22,",,7,2400",,,,,,,,,,,,,,
USC00111577,"CHICAGO MIDWAY AIRPORT 3 SW, IL US",41.7372,-87.7775,189,12/13/2017,0,"T,,7,2400",0,"T,,7",0,"T,,7",38,",,7",22,",,7",29,",,7,2400",,,1,",,7",,,,,,,,,,
USC00111577,"CHICAGO MIDWAY AIRPORT 3 SW, IL US",41.7372,-87.7775,189,12/14/2017,0,"T,,7,2400",0,"T,,7",0,",,7",30,",,7",18,",,7",21,",,7,2400",,,,,,,,,,,,,,
USC00111577,"CHICAGO MIDWAY AIRPORT 3 SW, IL US",41.7372,-87.7775,189,12/15/2017,0,"T,,7,2400",0,"T,,7",0,",,7",38,",,7",21,",,7",38,",,7,2400",,,,,,,,,,,,,,
USC00111577,"CHICAGO MIDWAY AIRPORT 3 SW, IL US",41.7372,-87.7775,189,12/16/2017,0,",,7,2400",0,",,7",0,",,7",48,",,7",34,",,7",35,",,7,2400",,,,,,,,,,,,,,
USC00111577,"CHICAGO MIDWAY AIRPORT 3 SW, IL US",41.7372,-87.7775,189,12/17/2017,0,",,7,2400",0,",,7",0,",,7",47,",,7",32,",,7",44,",,7,2400",,,,,,,,,,,,,,
USC00111577,"CHICAGO MIDWAY AIRPORT 3 SW, IL US",41.7372,-87.7775,189,12/18/2017,0.03,",,7,2400",0,",,7",0,",,7",45,",,7",41,",,7",44,",,7,2400",,,1,",,7",,,,,,,,,,
USC00111577,"CHICAGO MIDWAY AIRPORT 3 SW, IL US",41.7372,-87.7775,189,12/19/2017,0,",,7,2400",0,",,7",0,",,7",51,",,7",37,",,7",37,",,7,2400",,,,,,,,,,,,,,
USC00111577,"CHICAGO MIDWAY AIRPORT 3 SW, IL US",41.7372,-87.7775,189,12/20/2017,0,",,7,2400",0,",,7",0,",,7",37,",,7",30,",,7",35,",,7,2400",,,,,,,,,,,,,,
USC00111577,"CHICAGO MIDWAY AIRPORT 3 SW, IL US",41.7372,-87.7775,189,12/21/2017,0,",,7,2400",0,",,7",0,",,7",41,",,7",34,",,7",38,",,7,2400",,,,,,,,,,,,,,
USC00111577,"CHICAGO MIDWAY AIRPORT 3 SW, IL US",41.7372,-87.7775,189,12/22/2017,0,"T,,7,2400",0,",,7",0,",,7",41,",,7",35,",,7",35,",,7,2400",,,1,",,7",,,,,,,,,,
USC00111577,"CHICAGO MIDWAY AIRPORT 3 SW, IL US",41.7372,-87.7775,189,12/23/2017,0,",,7,2400",0,",,7",0,",,7",35,",,7",21,",,7",21,",,7,2400",,,1,",,7",,,,,,,,,,
USC00111577,"CHICAGO MIDWAY AIRPORT 3 SW, IL US",41.7372,-87.7775,189,12/24/2017,0.21,",,7,2400",2.7,",,7",3,",,7",24,",,7",19,",,7",22,",,7,2400",,,1,",,7",,,,,,,,,,
USC00111577,"CHICAGO MIDWAY AIRPORT 3 SW, IL US",41.7372,-87.7775,189,12/25/2017,0,"T,,7,2400",0,"T,,7",2,",,7",22,",,7",4,",,7",4,",,7,2400",,,,,,,,,,,,,,
USC00111577,"CHICAGO MIDWAY AIRPORT 3 SW, IL US",41.7372,-87.7775,189,12/26/2017,0,",,7,2400",0,",,7",2,",,7",7,",,7",-1,",,7",1,",,7,2400",,,,,,,,,,,,,,
USC00111577,"CHICAGO MIDWAY AIRPORT 3 SW, IL US",41.7372,-87.7775,189,12/27/2017,0,",,7,2400",0,",,7",2,",,7",8,",,7",-3,",,7",2,",,7,2400",,,,,,,,,,,,,,
USC00111577,"CHICAGO MIDWAY AIRPORT 3 SW, IL US",41.7372,-87.7775,189,12/28/2017,0.03,",,7,2400",0.7,",,7",2,",,7",14,",,7",2,",,7",13,",,7,2400",,,,,,,,,,,,,,
USC00111577,"CHICAGO MIDWAY AIRPORT 3 SW, IL US",41.7372,-87.7775,189,12/29/2017,0.08,",,7,2400",1.2,",,7",3,",,7",16,",,7",10,",,7",15,",,7,2400",,,1,",,7",,,,,,,,,,
USC00111577,"CHICAGO MIDWAY AIRPORT 3 SW, IL US",41.7372,-87.7775,189,12/30/2017,0,"T,,7,2400",0,"T,,7",2,",,7",15,",,7",0,",,7",1,",,7,2400",,,,,,,,,,,,,,
USC00111577,"CHICAGO MIDWAY AIRPORT 3 SW, IL US",41.7372,-87.7775,189,12/31/2017,0,",,7,2400",0,",,7",2,",,7",15,",,7",0,",,7",0,",,7,2400",,,,,,,,,,,,,,
